{
  "model_name": "LinearModels",
  "model_type": "LinearModels",
  "evaluation_time": 0.08388113975524902,
  "cv_results": {
    "neg_mse": {
      "scores": "[-0.00066562 -0.04571058 -0.00549136 -0.02018721 -0.0109497 ]",
      "mean": -0.016600891321278007,
      "std": 0.015934403820128618,
      "min": -0.04571057572113291,
      "max": -0.000665615920186385
    },
    "neg_rmse": {
      "scores": "[-0.02579953 -0.21380032 -0.07410369 -0.1420817  -0.10464081]",
      "mean": -0.112085209931797,
      "std": 0.06354366243633586,
      "min": -0.21380031740185257,
      "max": -0.025799533332724937
    },
    "neg_mae": {
      "scores": "[-0.02214583 -0.16418854 -0.06197913 -0.11968414 -0.07634741]",
      "mean": -0.08886900931899774,
      "std": 0.048896715018862925,
      "min": -0.16418854091353816,
      "max": -0.022145827118525606
    },
    "r2": {
      "scores": "[ 0.96372542 -0.66433984  0.80824715 -0.25030152  0.68990426]",
      "mean": 0.3094470925187546,
      "std": 0.6454779287827117,
      "min": -0.6643398394436693,
      "max": 0.9637254198349224
    },
    "explained_variance": {
      "scores": "[ 0.98589967 -0.12324719  0.89301698  0.41970297  0.76164749]",
      "mean": 0.5874039852324704,
      "std": 0.4039078200026367,
      "min": -0.12324718718589156,
      "max": 0.9858996725253996
    }
  },
  "metrics": {
    "mse": 0.006575514097367635,
    "rmse": 0.08108954369934286,
    "mae": 0.0635509939587718,
    "r2": 0.7592457466754132,
    "explained_variance": 0.7915814438465383,
    "max_error": 0.19316589821990243,
    "mape": 0.21992590706377335,
    "mean_absolute_deviation": 0.13793760416666667,
    "relative_mae": 0.46072276187996325,
    "residual_mean": -0.029717959525364906,
    "residual_std": 0.07544771023043978,
    "residual_skewness": -0.2336371849055461,
    "residual_kurtosis": -0.538315182295614
  },
  "residual_analysis": {
    "residuals": "56     0.014793\n89     0.079394\n4     -0.041385\n45     0.018013\n26    -0.009895\n116    0.112775\n69    -0.065522\n10     0.058996\n90    -0.000122\n73    -0.078806\n18    -0.005642\n111   -0.079239\n11    -0.031333\n96    -0.068420\n42    -0.093760\n31     0.020192\n88    -0.006536\n0      0.067039\n97    -0.032620\n109   -0.143232\n64    -0.193166\n40     0.034794\n95    -0.147258\n53    -0.122292\nName: fuzzy, dtype: float64",
    "predictions": "[0.28451318 0.52060638 0.29138514 0.40913986 0.38989513 0.1872245\n 0.50280046 0.59100441 0.55012163 0.42137574 0.60564247 0.45923914\n 0.61133257 0.5584199  0.38375951 0.7198077  0.55653553 0.38296057\n 0.71262023 0.23323161 0.4825539  0.71520598 0.46725813 0.55999436]",
    "actual": "56     0.299306\n89     0.600000\n4      0.250000\n45     0.427153\n26     0.380000\n116    0.300000\n69     0.437278\n10     0.650000\n90     0.550000\n73     0.342570\n18     0.600000\n111    0.380000\n11     0.580000\n96     0.490000\n42     0.290000\n31     0.740000\n88     0.550000\n0      0.450000\n97     0.680000\n109    0.090000\n64     0.289388\n40     0.750000\n95     0.320000\n53     0.437702\nName: fuzzy, dtype: float64",
    "statistics": {
      "mean": -0.029717959525364906,
      "std": 0.07544771023043978,
      "min": -0.19316589821990243,
      "max": 0.11277549510278376,
      "median": -0.020613849155276892,
      "skewness": -0.2336371849055461,
      "kurtosis": -0.538315182295614
    },
    "normality_tests": {
      "shapiro_wilk": [
        0.9854545300908846,
        0.9717818668703075
      ],
      "anderson_darling": [
        0.15659236993852943,
        "[0.513 0.584 0.701 0.817 0.972]",
        "[15.  10.   5.   2.5  1. ]"
      ],
      "ks_test": [
        0.10362296807901272,
        0.9354550012248363
      ]
    },
    "heteroscedasticity_p": 0.09489407793705562,
    "durbin_watson": 1.518789884027105,
    "is_normal": "True",
    "is_homoscedastic": "True"
  },
  "prediction_intervals": {
    "prediction_intervals": {
      "lower_bound": "[0.13663838 0.37273159 0.14351034 0.26126506 0.24202033 0.03934971\n 0.35492567 0.44312962 0.40224684 0.27350095 0.45776767 0.31136435\n 0.46345777 0.4105451  0.23588471 0.57193291 0.40866073 0.23508577\n 0.56474543 0.08535682 0.3346791  0.56733118 0.31938333 0.41211956]",
      "upper_bound": "[0.43238797 0.66848118 0.43925993 0.55701465 0.53776992 0.3350993\n 0.65067526 0.73887921 0.69799643 0.56925054 0.75351726 0.60711394\n 0.75920736 0.70629469 0.5316343  0.8676825  0.70441032 0.53083536\n 0.86049502 0.38110641 0.63042869 0.86308077 0.61513292 0.70786915]",
      "confidence_level": 0.95,
      "residual_std": 0.07544771023043978,
      "z_score": 1.959963984540054
    },
    "confidence_intervals": {
      "lower_bound": "[0.25432836 0.49042157 0.26120032 0.37895504 0.35971031 0.15703969\n 0.47261564 0.5608196  0.51993682 0.39119093 0.57545765 0.42905433\n 0.58114775 0.52823508 0.35357469 0.68962289 0.52635071 0.35277575\n 0.68243541 0.2030468  0.45236908 0.68502116 0.43707331 0.52980954]",
      "upper_bound": "[0.314698   0.5507912  0.32156995 0.43932467 0.42007995 0.21740932\n 0.53298528 0.62118923 0.58030645 0.45156056 0.63582729 0.48942396\n 0.64151738 0.58860471 0.41394433 0.74999252 0.58672034 0.41314538\n 0.74280505 0.26341643 0.51273871 0.7453908  0.49744294 0.59017917]",
      "confidence_level": 0.95,
      "standard_error": 0.015400699360494976
    }
  },
  "model_complexity": {
    "model_type": "ridge",
    "n_features": 108,
    "n_nonzero_coefficients": "108",
    "sparsity": 0.0,
    "l1_norm": 0.5211690592534597,
    "l2_norm": 0.11143728395688607,
    "alpha": 10.0
  },
  "feature_importance": {
    "available": true,
    "top_features": [
      {
        "feature": "feature_106",
        "importance": 0.0966505624769623
      },
      {
        "feature": "feature_1",
        "importance": 0.01816624494533683
      },
      {
        "feature": "feature_94",
        "importance": 0.015150676396817426
      },
      {
        "feature": "feature_3",
        "importance": 0.013571385667739596
      },
      {
        "feature": "feature_101",
        "importance": 0.013254353961633714
      },
      {
        "feature": "feature_8",
        "importance": 0.012446128448291452
      },
      {
        "feature": "feature_13",
        "importance": 0.012014598526009229
      },
      {
        "feature": "feature_92",
        "importance": 0.010653122352454298
      },
      {
        "feature": "feature_59",
        "importance": 0.010103900751188166
      },
      {
        "feature": "feature_56",
        "importance": 0.009776191751584767
      }
    ],
    "total_features": 108,
    "importance_range": [
      0.00010692002229437435,
      0.0966505624769623
    ],
    "importance_mean": 0.0048256394375320345,
    "importance_std": 0.009575863895721199
  }
}