{
  "model_name": "NeuralNetwork",
  "model_type": "NeuralNetworkModel",
  "evaluation_time": 0.21568703651428223,
  "cv_results": {
    "neg_mse": {
      "scores": "[-0.07458295 -0.09514788 -0.07629997 -0.02884286 -0.11701137]",
      "mean": -0.07837700777586334,
      "std": 0.02914178200760657,
      "min": -0.11701137279682788,
      "max": -0.02884285938872776
    },
    "neg_rmse": {
      "scores": "[-0.27309879 -0.30846051 -0.2762245  -0.16983186 -0.34206925]",
      "mean": -0.27393698048758164,
      "std": 0.05775412104092385,
      "min": -0.34206925146354195,
      "max": -0.16983185622470173
    },
    "neg_mae": {
      "scores": "[-0.23698332 -0.24899832 -0.22873732 -0.15313361 -0.26970213]",
      "mean": -0.22751093919681833,
      "std": 0.03966111727187206,
      "min": -0.2697021262697257,
      "max": -0.15313360947371518
    },
    "r2": {
      "scores": "[-3.06460397 -2.46437149 -1.66432092 -0.78639214 -2.31376491]",
      "mean": -2.058690685321803,
      "std": 0.7766302104098356,
      "min": -3.0646039679216273,
      "max": -0.7863921361045494
    },
    "explained_variance": {
      "scores": "[-2.93718441 -2.46418472 -1.51353848 -0.71875173 -2.22917273]",
      "mean": -1.972566414947756,
      "std": 0.7772748739563167,
      "min": -2.937184409735449,
      "max": -0.7187517317616401
    }
  },
  "metrics": {
    "mse": 0.027646151382412765,
    "rmse": 0.16627131858024333,
    "mae": 0.11263821750861032,
    "r2": -0.012229376260608271,
    "explained_variance": 0.0006735746224286743,
    "max_error": 0.5746151904011843,
    "mape": 0.3938030755103467,
    "mean_absolute_deviation": 0.13793760416666667,
    "relative_mae": 0.8165881826721616,
    "residual_mean": -0.01877251216506986,
    "residual_std": 0.1652081843294244,
    "residual_skewness": -1.5538320902052911,
    "residual_kurtosis": 3.0573480129542467
  },
  "residual_analysis": {
    "residuals": "56     0.105223\n89     0.158954\n4      0.000171\n45     0.097231\n26    -0.098401\n116    0.199555\n69     0.079273\n10     0.114196\n90     0.191835\n73    -0.000649\n18    -0.024560\n111   -0.001304\n11    -0.076401\n96     0.053788\n42    -0.574615\n31     0.042064\n88     0.076073\n0     -0.020487\n97     0.008026\n109   -0.256826\n64    -0.254375\n40    -0.010127\n95    -0.138786\n53    -0.120397\nName: fuzzy, dtype: float64",
    "predictions": "[0.19408266 0.44104597 0.24982924 0.32992165 0.47840085 0.10044508\n 0.35800506 0.53580445 0.35816507 0.34321885 0.62455984 0.38130374\n 0.65640128 0.43621224 0.86461519 0.69793638 0.47392655 0.47048705\n 0.67197418 0.34682628 0.54376324 0.76012714 0.45878613 0.55809915]",
    "actual": "56     0.299306\n89     0.600000\n4      0.250000\n45     0.427153\n26     0.380000\n116    0.300000\n69     0.437278\n10     0.650000\n90     0.550000\n73     0.342570\n18     0.600000\n111    0.380000\n11     0.580000\n96     0.490000\n42     0.290000\n31     0.740000\n88     0.550000\n0      0.450000\n97     0.680000\n109    0.090000\n64     0.289388\n40     0.750000\n95     0.320000\n53     0.437702\nName: fuzzy, dtype: float64",
    "statistics": {
      "mean": -0.01877251216506986,
      "std": 0.1652081843294244,
      "min": -0.5746151904011843,
      "max": 0.19955491964055694,
      "median": -0.00023904515135639293,
      "skewness": -1.5538320902052911,
      "kurtosis": 3.0573480129542467
    },
    "normality_tests": {
      "shapiro_wilk": [
        0.870292197212654,
        0.005330486281857033
      ],
      "anderson_darling": [
        0.8573012343514179,
        "[0.513 0.584 0.701 0.817 0.972]",
        "[15.  10.   5.   2.5  1. ]"
      ],
      "ks_test": [
        0.1943610488950247,
        0.2860918509094552
      ]
    },
    "heteroscedasticity_p": 0.04039596650572119,
    "durbin_watson": 1.7787493503912728,
    "is_normal": "False",
    "is_homoscedastic": "False"
  },
  "prediction_intervals": {
    "prediction_intervals": {
      "lower_bound": "[-0.12971943  0.11724388 -0.07397285  0.00611956  0.15459876 -0.22335701\n  0.03420297  0.21200236  0.03436298  0.01941676  0.30075774  0.05750165\n  0.33259919  0.11241015  0.5408131   0.37413429  0.15012446  0.14668496\n  0.34817209  0.02302419  0.21996115  0.43632505  0.13498404  0.23429706]",
      "upper_bound": "[0.51788475 0.76484806 0.57363133 0.65372374 0.80220294 0.42424717\n 0.68180716 0.85960655 0.68196716 0.66702094 0.94836193 0.70510583\n 0.98020337 0.76001433 1.18841728 1.02173847 0.79772864 0.79428915\n 0.99577627 0.67062837 0.86756533 1.08392924 0.78258822 0.88190125]",
      "confidence_level": 0.95,
      "residual_std": 0.1652081843294244,
      "z_score": 1.959963984540054
    },
    "confidence_intervals": {
      "lower_bound": "[0.12798683 0.37495015 0.18373341 0.26382582 0.41230502 0.03434926\n 0.29190924 0.46970863 0.29206924 0.27712303 0.55846401 0.31520792\n 0.59030545 0.37011641 0.79851937 0.63184056 0.40783073 0.40439123\n 0.60587836 0.28073046 0.47766742 0.69403132 0.3926903  0.49200333]",
      "upper_bound": "[0.26017848 0.5071418  0.31592506 0.39601747 0.54449667 0.16654091\n 0.42410089 0.60190028 0.42426089 0.40931468 0.69065566 0.44739957\n 0.7224971  0.50230806 0.93071102 0.76403221 0.54002238 0.53658288\n 0.73807001 0.41292211 0.60985907 0.82622297 0.52488195 0.62419498]",
      "confidence_level": 0.95,
      "standard_error": 0.033722979411563145
    }
  },
  "model_complexity": {
    "n_layers": 3,
    "total_parameters": 16001,
    "input_size": 108,
    "output_size": 1,
    "hidden_layers": [
      100,
      50
    ],
    "activation_function": "relu",
    "solver": "adam",
    "alpha": 0.0001,
    "learning_rate": "adaptive",
    "n_iterations": 30
  },
  "feature_importance": {
    "available": true,
    "top_features": [
      {
        "feature": "feature_57",
        "importance": 0.09512356527826432
      },
      {
        "feature": "feature_4",
        "importance": 0.09439943084095515
      },
      {
        "feature": "feature_61",
        "importance": 0.09257412594135679
      },
      {
        "feature": "feature_48",
        "importance": 0.09250282592553036
      },
      {
        "feature": "feature_27",
        "importance": 0.09242433846517484
      },
      {
        "feature": "feature_10",
        "importance": 0.09170098756030862
      },
      {
        "feature": "feature_11",
        "importance": 0.09156607230358346
      },
      {
        "feature": "feature_68",
        "importance": 0.09124621665936444
      },
      {
        "feature": "feature_65",
        "importance": 0.09088420473195802
      },
      {
        "feature": "feature_84",
        "importance": 0.08993832386822456
      }
    ],
    "total_features": 108,
    "importance_range": [
      0.07366038764689253,
      0.09512356527826432
    ],
    "importance_mean": 0.08434447551827108,
    "importance_std": 0.0043309486455360416
  }
}