{
  "model_name": "SVR",
  "model_type": "SVRModel",
  "evaluation_time": 0.06911420822143555,
  "cv_results": {
    "neg_mse": {
      "scores": "[-0.00861036 -0.01318541 -0.00784107 -0.02409199 -0.03374826]",
      "mean": -0.017495417200593895,
      "std": 0.009983951000126494,
      "min": -0.03374825805177065,
      "max": -0.007841071286330607
    },
    "neg_rmse": {
      "scores": "[-0.092792   -0.11482776 -0.08854982 -0.15521593 -0.18370699]",
      "mean": -0.12701850228999817,
      "std": 0.03690145358383079,
      "min": -0.1837069896649843,
      "max": -0.08854982375098557
    },
    "neg_mae": {
      "scores": "[-0.07561989 -0.09412128 -0.07920184 -0.12682936 -0.13174843]",
      "mean": -0.10150416058057725,
      "std": 0.02357107040521932,
      "min": -0.13174842517507268,
      "max": -0.07561989222789717
    },
    "r2": {
      "scores": "[ 0.53075485  0.51991392  0.72619741 -0.49214521  0.04424851]",
      "mean": 0.2657938979864479,
      "std": 0.4405239458334923,
      "min": -0.49214520764692793,
      "max": 0.7261974143740404
    },
    "explained_variance": {
      "scores": "[0.55022865 0.5746665  0.72652    0.11731529 0.39550285]",
      "mean": 0.47284665764710593,
      "std": 0.20644129102269934,
      "min": 0.11731529223682213,
      "max": 0.7265199957270625
    }
  },
  "metrics": {
    "mse": 0.007797306137521239,
    "rmse": 0.08830235635316443,
    "mae": 0.06710132134892775,
    "r2": 0.7145113538979935,
    "explained_variance": 0.8052896283125465,
    "max_error": 0.22994678272269864,
    "mape": 0.24667029381784,
    "mean_absolute_deviation": 0.13793760416666667,
    "relative_mae": 0.48646140952144457,
    "residual_mean": -0.04979306201265179,
    "residual_std": 0.07292432456269618,
    "residual_skewness": -0.79028904330851,
    "residual_kurtosis": 0.3460507445299257
  },
  "residual_analysis": {
    "residuals": "56    -0.024328\n89     0.056279\n4     -0.095015\n45    -0.030450\n26    -0.052554\n116   -0.043871\n69    -0.025165\n10     0.013079\n90    -0.037519\n73    -0.063617\n18    -0.024578\n111   -0.007525\n11    -0.049609\n96    -0.103269\n42    -0.039448\n31     0.058608\n88    -0.035454\n0      0.051927\n97    -0.054643\n109   -0.198686\n64    -0.229947\n40     0.027806\n95    -0.178410\n53    -0.108646\nName: fuzzy, dtype: float64",
    "predictions": "[0.32363358 0.5437208  0.34501504 0.45760308 0.43255386 0.34387058\n 0.46244266 0.63692142 0.58751944 0.4061871  0.62457773 0.3875252\n 0.62960877 0.59326869 0.32944843 0.6813916  0.58545383 0.39807331\n 0.73464288 0.28868588 0.51933478 0.72219376 0.49841043 0.54634763]",
    "actual": "56     0.299306\n89     0.600000\n4      0.250000\n45     0.427153\n26     0.380000\n116    0.300000\n69     0.437278\n10     0.650000\n90     0.550000\n73     0.342570\n18     0.600000\n111    0.380000\n11     0.580000\n96     0.490000\n42     0.290000\n31     0.740000\n88     0.550000\n0      0.450000\n97     0.680000\n109    0.090000\n64     0.289388\n40     0.750000\n95     0.320000\n53     0.437702\nName: fuzzy, dtype: float64",
    "statistics": {
      "mean": -0.04979306201265179,
      "std": 0.07292432456269618,
      "min": -0.22994678272269864,
      "max": 0.058608402410094906,
      "median": -0.038483938429228676,
      "skewness": -0.79028904330851,
      "kurtosis": 0.3460507445299257
    },
    "normality_tests": {
      "shapiro_wilk": [
        0.9189255847855616,
        0.055303122718375945
      ],
      "anderson_darling": [
        0.7527767149407509,
        "[0.513 0.584 0.701 0.817 0.972]",
        "[15.  10.   5.   2.5  1. ]"
      ],
      "ks_test": [
        0.18182130551408449,
        0.36142124897999284
      ]
    },
    "heteroscedasticity_p": 0.21299612385476574,
    "durbin_watson": 1.1901652648092669,
    "is_normal": "True",
    "is_homoscedastic": "True"
  },
  "prediction_intervals": {
    "prediction_intervals": {
      "lower_bound": "[0.18070453 0.40079175 0.20208599 0.31467403 0.28962481 0.20094153\n 0.31951361 0.49399238 0.44459039 0.26325805 0.48164868 0.24459615\n 0.48667972 0.45033964 0.18651938 0.53846255 0.44252478 0.25514426\n 0.59171383 0.14575683 0.37640573 0.57926471 0.35548138 0.40341858]",
      "upper_bound": "[0.46656263 0.68664985 0.48794409 0.60053213 0.57548291 0.48679963\n 0.60537171 0.77985047 0.73044849 0.54911615 0.76750678 0.53045425\n 0.77253782 0.73619774 0.47237748 0.82432065 0.72838288 0.54100235\n 0.87757193 0.43161493 0.66226383 0.86512281 0.64133948 0.68927667]",
      "confidence_level": 0.95,
      "residual_std": 0.07292432456269618,
      "z_score": 1.959963984540054
    },
    "confidence_intervals": {
      "lower_bound": "[0.29445831 0.51454553 0.31583977 0.42842781 0.40337859 0.31469531\n 0.43326739 0.60774615 0.55834417 0.37701183 0.59540246 0.35834993\n 0.6004335  0.56409342 0.30027316 0.65221633 0.55627856 0.36889803\n 0.70546761 0.25951061 0.49015951 0.69301849 0.46923516 0.51717236]",
      "upper_bound": "[0.35280885 0.57289607 0.37419031 0.48677835 0.46172913 0.37304585\n 0.49161793 0.6660967  0.61669471 0.43536237 0.653753   0.41670047\n 0.65878404 0.62244396 0.3586237  0.71056687 0.6146291  0.42724858\n 0.76381815 0.31786115 0.54851005 0.75136903 0.5275857  0.5755229 ]",
      "confidence_level": 0.95,
      "standard_error": 0.014885615417976306
    }
  },
  "model_complexity": {
    "kernel": "rbf",
    "C": 1.0,
    "epsilon": 0.1,
    "n_support_vectors": 35,
    "support_ratio": "[1.]",
    "gamma": "scale"
  },
  "feature_importance": {
    "available": false
  }
}