{
  "model_name": "RandomForest",
  "model_type": "RandomForestModel",
  "evaluation_time": 4.083676815032959,
  "cv_results": {
    "neg_mse": {
      "scores": "[-0.00806734 -0.02975891 -0.0097963  -0.02913861 -0.01739389]",
      "mean": -0.018831010396713845,
      "std": 0.009221858343034989,
      "min": -0.029758910521256232,
      "max": -0.008067341583251529
    },
    "neg_rmse": {
      "scores": "[-0.08981838 -0.17250771 -0.09897628 -0.17070034 -0.13188589]",
      "mean": -0.13277772182536104,
      "std": 0.034656701856652206,
      "min": -0.17250771148344712,
      "max": -0.08981838109903523
    },
    "neg_mae": {
      "scores": "[-0.08345123 -0.16560338 -0.07601373 -0.14651618 -0.08586338]",
      "mean": -0.11148958009999999,
      "std": 0.03703121154555282,
      "min": -0.16560337999999997,
      "max": -0.07601373200000001
    },
    "r2": {
      "scores": "[ 0.56034791 -0.08353351  0.65792256 -0.8047094   0.50740469]",
      "mean": 0.16748644995501757,
      "std": 0.5511057817126503,
      "min": -0.8047094046751624,
      "max": 0.6579225606832317
    },
    "explained_variance": {
      "scores": "[0.6493076  0.01776247 0.71921885 0.05558547 0.61959394]",
      "mean": 0.41229366648703625,
      "std": 0.3086252370427302,
      "min": 0.017762470168443456,
      "max": 0.7192188544194802
    }
  },
  "metrics": {
    "mse": 0.010054727406234502,
    "rmse": 0.10027326366601669,
    "mae": 0.08272021166666658,
    "r2": 0.63185868766682,
    "explained_variance": 0.6822016261242081,
    "max_error": 0.21992098999999987,
    "mape": 0.2502800852694158,
    "mean_absolute_deviation": 0.13793760416666667,
    "relative_mae": 0.599692971082184,
    "residual_mean": -0.03708063416666657,
    "residual_std": 0.09316519723605131,
    "residual_skewness": -0.006612797943801307,
    "residual_kurtosis": -0.7201515648859145
  },
  "residual_analysis": {
    "residuals": "56    -0.051816\n89     0.090150\n4     -0.121310\n45    -0.045822\n26    -0.044851\n116    0.093458\n69     0.006000\n10     0.005952\n90    -0.014171\n73    -0.187097\n18    -0.052674\n111   -0.054548\n11    -0.045485\n96    -0.120226\n42    -0.024819\n31     0.136713\n88     0.038510\n0      0.089107\n97    -0.038726\n109   -0.109188\n64    -0.219921\n40     0.087785\n95    -0.148227\n53    -0.158730\nName: fuzzy, dtype: float64",
    "predictions": "[0.35112214 0.50985025 0.3713097  0.47297501 0.4248514  0.20654249\n 0.43127777 0.64404813 0.56417099 0.52966734 0.65267374 0.43454776\n 0.62548468 0.61022617 0.31481855 0.60328696 0.51148975 0.36089282\n 0.718726   0.19918807 0.50930899 0.6622149  0.46822676 0.59643185]",
    "actual": "56     0.299306\n89     0.600000\n4      0.250000\n45     0.427153\n26     0.380000\n116    0.300000\n69     0.437278\n10     0.650000\n90     0.550000\n73     0.342570\n18     0.600000\n111    0.380000\n11     0.580000\n96     0.490000\n42     0.290000\n31     0.740000\n88     0.550000\n0      0.450000\n97     0.680000\n109    0.090000\n64     0.289388\n40     0.750000\n95     0.320000\n53     0.437702\nName: fuzzy, dtype: float64",
    "statistics": {
      "mean": -0.037080634166666564,
      "std": 0.09316519723605131,
      "min": -0.21992098999999987,
      "max": 0.13671303999999973,
      "median": -0.0451680400000003,
      "skewness": -0.006612797943801207,
      "kurtosis": -0.7201515648859145
    },
    "normality_tests": {
      "shapiro_wilk": [
        0.9656515864632143,
        0.5618317593008595
      ],
      "anderson_darling": [
        0.3542232023389502,
        "[0.513 0.584 0.701 0.817 0.972]",
        "[15.  10.   5.   2.5  1. ]"
      ],
      "ks_test": [
        0.13397331959922915,
        0.7330268106393871
      ]
    },
    "heteroscedasticity_p": 0.4375483077140443,
    "durbin_watson": 1.5865623160833373,
    "is_normal": "True",
    "is_homoscedastic": "True"
  },
  "prediction_intervals": {
    "prediction_intervals": {
      "lower_bound": "[0.16852171 0.32724982 0.18870927 0.29037458 0.24225097 0.02394206\n 0.24867734 0.4614477  0.38157056 0.34706691 0.47007331 0.25194733\n 0.44288425 0.42762574 0.13221812 0.42068653 0.32888932 0.17829239\n 0.53612557 0.01658764 0.32670856 0.47961447 0.28562633 0.41383142]",
      "upper_bound": "[0.53372257 0.69245068 0.55391013 0.65557544 0.60745183 0.38914292\n 0.6138782  0.82664856 0.74677142 0.71226777 0.83527417 0.61714819\n 0.80808511 0.7928266  0.49741898 0.78588739 0.69409018 0.54349325\n 0.90132643 0.3817885  0.69190942 0.84481533 0.65082719 0.77903228]",
      "confidence_level": 0.95,
      "residual_std": 0.09316519723605131,
      "z_score": 1.959963984540054
    },
    "confidence_intervals": {
      "lower_bound": "[0.31384898 0.47257709 0.33403654 0.43570185 0.38757824 0.16926933\n 0.39400461 0.60677497 0.52689783 0.49239418 0.61540058 0.3972746\n 0.58821152 0.57295301 0.27754539 0.5660138  0.47421659 0.32361966\n 0.68145284 0.16191491 0.47203583 0.62494174 0.4309536  0.55915869]",
      "upper_bound": "[0.3883953  0.54712341 0.40858286 0.51024817 0.46212456 0.24381565\n 0.46855093 0.68132129 0.60144415 0.5669405  0.6899469  0.47182092\n 0.66275784 0.64749933 0.35209171 0.64056012 0.54876291 0.39816598\n 0.75599916 0.23646123 0.54658215 0.69948806 0.50549992 0.63370501]",
      "confidence_level": 0.95,
      "standard_error": 0.01901726625117328
    }
  },
  "model_complexity": {
    "n_trees": 100,
    "avg_tree_depth": 10.01,
    "avg_tree_leaves": 50.03,
    "total_leaves": "5003",
    "max_depth": 13,
    "min_depth": 8,
    "depth_std": 1.1532129031536198,
    "leaves_std": 2.643690602169626
  },
  "feature_importance": {
    "available": true,
    "top_features": [
      {
        "feature": "feature_106",
        "importance": 0.09741267109856662
      },
      {
        "feature": "feature_89",
        "importance": 0.07444275580545817
      },
      {
        "feature": "feature_59",
        "importance": 0.06193368965086054
      },
      {
        "feature": "feature_3",
        "importance": 0.05490053813058087
      },
      {
        "feature": "feature_104",
        "importance": 0.0427919403914563
      },
      {
        "feature": "feature_13",
        "importance": 0.04043182662421113
      },
      {
        "feature": "feature_53",
        "importance": 0.036490647035634115
      },
      {
        "feature": "feature_16",
        "importance": 0.028226895759978998
      },
      {
        "feature": "feature_68",
        "importance": 0.02618237231330367
      },
      {
        "feature": "feature_26",
        "importance": 0.023847908724448644
      }
    ],
    "total_features": 108,
    "importance_range": [
      0.0006026167170713256,
      0.09741267109856662
    ],
    "importance_mean": 0.00925925925925926,
    "importance_std": 0.014951680480776672
  }
}