{
  "model_name": "GradientBoosting",
  "model_type": "GradientBoostingModel",
  "evaluation_time": 0.3816487789154053,
  "cv_results": {
    "neg_mse": {
      "scores": "[-0.00209177 -0.01979257 -0.0043005  -0.02946035 -0.01137738]",
      "mean": -0.013404513882524404,
      "std": 0.0101347668522253,
      "min": -0.029460348148314008,
      "max": -0.002091771641527724
    },
    "neg_rmse": {
      "scores": "[-0.04573589 -0.14068606 -0.0655782  -0.17164017 -0.10666481]",
      "mean": -0.10606102666825157,
      "std": 0.0464281434541683,
      "min": -0.17164017055547925,
      "max": -0.04573589008128872
    },
    "neg_mae": {
      "scores": "[-0.03380614 -0.13681599 -0.0612437  -0.15170826 -0.07254724]",
      "mean": -0.09122426547964098,
      "std": 0.04534627917051813,
      "min": -0.15170825837326052,
      "max": -0.033806139801788336
    },
    "r2": {
      "scores": "[ 0.88600312  0.27934493  0.84983069 -0.82463651  0.67779229]",
      "mean": 0.373666901927448,
      "std": 0.6366380918054966,
      "min": -0.8246365088066863,
      "max": 0.8860031201231093
    },
    "explained_variance": {
      "scores": "[0.93189837 0.31424747 0.90463482 0.04166747 0.78311883]",
      "mean": 0.5951133929238173,
      "std": 0.35489765629610254,
      "min": 0.04166747343453325,
      "max": 0.9318983739825605
    }
  },
  "metrics": {
    "mse": 0.010014942763138664,
    "rmse": 0.10007468592575579,
    "mae": 0.08365994055382409,
    "r2": 0.6333153527884351,
    "explained_variance": 0.7104466057321802,
    "max_error": 0.1848743559341431,
    "mape": 0.22002676172018068,
    "mean_absolute_deviation": 0.13793760416666667,
    "relative_mae": 0.6065056810232821,
    "residual_mean": -0.04589792643300692,
    "residual_std": 0.08892875301211048,
    "residual_skewness": 0.6539120784011874,
    "residual_kurtosis": -0.1574870866862481
  },
  "residual_analysis": {
    "residuals": "56    -0.011486\n89     0.096718\n4     -0.091144\n45    -0.121691\n26    -0.015517\n116    0.065124\n69    -0.028922\n10    -0.015632\n90    -0.103668\n73    -0.163335\n18    -0.105725\n111   -0.108432\n11     0.009580\n96    -0.121980\n42     0.011183\n31     0.093494\n88    -0.076855\n0      0.177045\n97    -0.129775\n109   -0.059046\n64    -0.146309\n40    -0.000799\n95    -0.069504\n53    -0.184874\nName: fuzzy, dtype: float64",
    "predictions": "[0.3107921  0.50328183 0.341144   0.54884416 0.39551735 0.23487605\n 0.46620047 0.66563237 0.6536677  0.5059051  0.70572525 0.48843163\n 0.57041997 0.61197984 0.27881712 0.64650625 0.6268547  0.2729546\n 0.8097746  0.14904593 0.43569717 0.7507986  0.38950413 0.62257636]",
    "actual": "56     0.299306\n89     0.600000\n4      0.250000\n45     0.427153\n26     0.380000\n116    0.300000\n69     0.437278\n10     0.650000\n90     0.550000\n73     0.342570\n18     0.600000\n111    0.380000\n11     0.580000\n96     0.490000\n42     0.290000\n31     0.740000\n88     0.550000\n0      0.450000\n97     0.680000\n109    0.090000\n64     0.289388\n40     0.750000\n95     0.320000\n53     0.437702\nName: fuzzy, dtype: float64",
    "statistics": {
      "mean": -0.04589792643300692,
      "std": 0.08892875301211048,
      "min": -0.1848743559341431,
      "max": 0.17704538702964784,
      "median": -0.06427503198385238,
      "skewness": 0.6539120784011874,
      "kurtosis": -0.1574870866862481
    },
    "normality_tests": {
      "shapiro_wilk": [
        0.9535882876029871,
        0.32343809019020237
      ],
      "anderson_darling": [
        0.39885089503702176,
        "[0.513 0.584 0.701 0.817 0.972]",
        "[15.  10.   5.   2.5  1. ]"
      ],
      "ks_test": [
        0.11703065559767145,
        0.8600273632316368
      ]
    },
    "heteroscedasticity_p": 0.2734768112092989,
    "durbin_watson": 1.5999149288392724,
    "is_normal": "True",
    "is_homoscedastic": "True"
  },
  "prediction_intervals": {
    "prediction_intervals": {
      "lower_bound": "[ 0.13649493  0.32898468  0.16684684  0.374547    0.2212202   0.0605789\n  0.29190332  0.4913352   0.47937053  0.33160794  0.5314281   0.31413448\n  0.3961228   0.4376827   0.10451996  0.4722091   0.45255756  0.09865746\n  0.6354774  -0.02525122  0.2614      0.5765014   0.21520698  0.4482792 ]",
      "upper_bound": "[0.48508924 0.677579   0.5154412  0.7231413  0.5698145  0.4091732\n 0.6404976  0.8399295  0.82796484 0.68020225 0.8800224  0.6627288\n 0.7447171  0.786277   0.45311427 0.8208034  0.8011519  0.44725177\n 0.98407173 0.3233431  0.6099943  0.92509574 0.5638013  0.7968735 ]",
      "confidence_level": 0.95,
      "residual_std": 0.08892875301211048,
      "z_score": 1.959963984540054
    },
    "confidence_intervals": {
      "lower_bound": "[0.27521384 0.46770358 0.30556574 0.5132659  0.3599391  0.19929779\n 0.43062222 0.6300541  0.61808944 0.47032684 0.670147   0.45285338\n 0.5348417  0.5764016  0.24323887 0.610928   0.59127647 0.23737636\n 0.7741963  0.11346767 0.40011892 0.71522033 0.35392588 0.5869981 ]",
      "upper_bound": "[0.34637034 0.5388601  0.37672225 0.5844224  0.4310956  0.27045432\n 0.5017787  0.7012106  0.68924594 0.54148334 0.7413035  0.5240099\n 0.6059982  0.6475581  0.31439537 0.6820845  0.66243297 0.30853286\n 0.8453528  0.1846242  0.47127542 0.78637683 0.4250824  0.6581546 ]",
      "confidence_level": 0.95,
      "standard_error": 0.01815250569513861
    }
  },
  "model_complexity": {
    "n_estimators": 100,
    "learning_rate": 0.1,
    "max_depth": 6,
    "subsample": 0.8,
    "best_iteration": null,
    "colsample_bytree": 0.8,
    "reg_alpha": null,
    "reg_lambda": null
  },
  "feature_importance": {
    "available": true,
    "top_features": [
      {
        "feature": "feature_89",
        "importance": 0.2690012454986572
      },
      {
        "feature": "feature_68",
        "importance": 0.12120840698480606
      },
      {
        "feature": "feature_106",
        "importance": 0.11480849236249924
      },
      {
        "feature": "feature_59",
        "importance": 0.09176598489284515
      },
      {
        "feature": "feature_26",
        "importance": 0.07334192842245102
      },
      {
        "feature": "feature_63",
        "importance": 0.04306866228580475
      },
      {
        "feature": "feature_3",
        "importance": 0.029014158993959427
      },
      {
        "feature": "feature_53",
        "importance": 0.019075118005275726
      },
      {
        "feature": "feature_29",
        "importance": 0.018874261528253555
      },
      {
        "feature": "feature_13",
        "importance": 0.015222909860312939
      }
    ],
    "total_features": 108,
    "importance_range": [
      "0.0",
      "0.26900125"
    ],
    "importance_mean": "0.009259258",
    "importance_std": "0.03192006"
  }
}