{
  "model_name": "Ensemble",
  "model_type": "EnsembleModel",
  "evaluation_time": 0.7445511817932129,
  "cv_results": {
    "neg_mse": {
      "scores": "[-0.00635399 -1.2055781  -0.00981605 -0.02088768 -0.04387974]",
      "mean": -0.25730311169872316,
      "std": 0.4743189984923469,
      "min": -1.2055781034423272,
      "max": -0.006353990471025738
    },
    "neg_rmse": {
      "scores": "[-0.07971192 -1.09798821 -0.09907597 -0.1445257  -0.20947491]",
      "mean": -0.3261553419238456,
      "std": 0.3884917047161529,
      "min": -1.0979882073329965,
      "max": -0.07971192176221659
    },
    "neg_mae": {
      "scores": "[-0.06616714 -0.59693906 -0.08390521 -0.11787419 -0.16606464]",
      "mean": -0.20619004927368317,
      "std": 0.19832020956881433,
      "min": -0.5969390627158079,
      "max": -0.0661671410969576
    },
    "r2": {
      "scores": "[  0.65372172 -42.89556761   0.65723317  -0.29368529  -0.24267529]",
      "mean": -8.424194660911427,
      "std": 17.240643213893605,
      "min": -42.895567611334315,
      "max": 0.6572331685124894
    },
    "explained_variance": {
      "scores": "[  0.65415648 -34.07679426   0.6713999    0.17017612   0.19417708]",
      "mean": -6.477376936356295,
      "std": 13.801385512862671,
      "min": -34.07679426057315,
      "max": 0.6713998960524521
    }
  },
  "metrics": {
    "mse": 11.306772950071439,
    "rmse": 3.362554527449546,
    "mae": 0.9003297281928772,
    "r2": -412.98339944170135,
    "explained_variance": -404.07443324737005,
    "max_error": 16.21873707678614,
    "mape": 2.9391228368371305,
    "mean_absolute_deviation": 0.13793760416666667,
    "relative_mae": 6.527079643235144,
    "residual_mean": 0.493277751656979,
    "residual_std": 3.326176485063845,
    "residual_skewness": 4.358365431208239,
    "residual_kurtosis": 17.856506051465168
  },
  "residual_analysis": {
    "residuals": "56     -0.012137\n89      0.089445\n4      -0.139248\n45     -0.070394\n26      0.060545\n116    16.218737\n69     -0.026290\n10      0.055959\n90     -0.005989\n73     -0.029818\n18     -0.091286\n111     0.053928\n11     -0.164038\n96     -0.154817\n42     -2.758374\n31      0.136001\n88     -0.002955\n0      -0.038616\n97      0.108675\n109    -0.139252\n64     -0.160292\n40     -0.376423\n95     -0.102900\n53     -0.611796\nName: fuzzy, dtype: float64",
    "predictions": "[  0.31144314   0.51055537   0.38924786   0.49754692   0.31945506\n -15.91873708   0.46356768   0.59404114   0.55598882   0.37238833\n   0.69128592   0.32607222   0.74403774   0.6448165    3.04837367\n   0.60399878   0.55295451   0.48861559   0.57132475   0.22925183\n   0.44968015   1.1264235    0.42290015   1.04949839]",
    "actual": "56     0.299306\n89     0.600000\n4      0.250000\n45     0.427153\n26     0.380000\n116    0.300000\n69     0.437278\n10     0.650000\n90     0.550000\n73     0.342570\n18     0.600000\n111    0.380000\n11     0.580000\n96     0.490000\n42     0.290000\n31     0.740000\n88     0.550000\n0      0.450000\n97     0.680000\n109    0.090000\n64     0.289388\n40     0.750000\n95     0.320000\n53     0.437702\nName: fuzzy, dtype: float64",
    "statistics": {
      "mean": 0.493277751656979,
      "std": 3.326176485063845,
      "min": -2.7583736748182517,
      "max": 16.21873707678614,
      "median": -0.03421695891169957,
      "skewness": 4.358365431208239,
      "kurtosis": 17.856506051465168
    },
    "normality_tests": {
      "shapiro_wilk": [
        0.3069037238286889,
        1.1812310716119137e-09
      ],
      "anderson_darling": [
        7.124110254382838,
        "[0.513 0.584 0.701 0.817 0.972]",
        "[15.  10.   5.   2.5  1. ]"
      ],
      "ks_test": [
        0.5011028935692556,
        4.238379318018448e-06
      ]
    },
    "heteroscedasticity_p": 2.0460729522886467e-06,
    "durbin_watson": 1.9928940263265809,
    "is_normal": "False",
    "is_homoscedastic": "False"
  },
  "prediction_intervals": {
    "prediction_intervals": {
      "lower_bound": "[ -6.20774297  -6.00863075  -6.12993826  -6.0216392   -6.19973105\n -22.43792319  -6.05561844  -5.92514498  -5.96319729  -6.14679779\n  -5.82790019  -6.1931139   -5.77514837  -5.87436961  -3.47081244\n  -5.91518734  -5.9662316   -6.03057053  -5.94786137  -6.28993429\n  -6.06950597  -5.39276262  -6.09628596  -5.46968772]",
      "upper_bound": "[ 6.83062926  7.02974148  6.90843397  7.01673303  6.83864118 -9.39955096\n  6.98275379  7.11322725  7.07517494  6.89157445  7.21047204  6.84525834\n  7.26322386  7.16400262  9.56755979  7.1231849   7.07214063  7.0078017\n  7.09051087  6.74843795  6.96886627  7.64560962  6.94208627  7.56868451]",
      "confidence_level": 0.95,
      "residual_std": 3.326176485063845,
      "z_score": 1.959963984540054
    },
    "confidence_intervals": {
      "lower_bound": "[ -1.01928015  -0.82016793  -0.94147544  -0.83317638  -1.01126823\n -17.24946037  -0.86715562  -0.73668216  -0.77473447  -0.95833496\n  -0.63943737  -1.00465107  -0.58668555  -0.68590679   1.71765038\n  -0.72672451  -0.77776878  -0.84210771  -0.75939854  -1.10147146\n  -0.88104314  -0.2042998   -0.90782314  -0.2812249 ]",
      "upper_bound": "[  1.64216644   1.84127866   1.71997115   1.82827021   1.65017836\n -14.58801378   1.79429097   1.92476443   1.88671212   1.70311162\n   2.02200922   1.65679551   2.07476104   1.9755398    4.37909697\n   1.93472207   1.88367781   1.81933888   1.90204805   1.55997512\n   1.78040344   2.45714679   1.75362345   2.38022169]",
      "confidence_level": 0.95,
      "standard_error": 0.6789529319042078
    }
  },
  "model_complexity": {
    "ensemble_type": "voting",
    "n_base_models": 4,
    "base_model_types": [
      "RandomForestModel",
      "GradientBoostingModel",
      "SVRModel",
      "LinearModels"
    ],
    "total_parameters": 0
  },
  "feature_importance": {
    "available": true,
    "top_features": [
      {
        "feature": "feature_103",
        "importance": 99.41929174185968
      },
      {
        "feature": "feature_12",
        "importance": 60.77484109153284
      },
      {
        "feature": "feature_39",
        "importance": 60.771847200872195
      },
      {
        "feature": "feature_62",
        "importance": 43.29573093139823
      },
      {
        "feature": "feature_102",
        "importance": 41.81127642749203
      },
      {
        "feature": "feature_2",
        "importance": 41.30862363563254
      },
      {
        "feature": "feature_49",
        "importance": 37.48427600117259
      },
      {
        "feature": "feature_58",
        "importance": 37.48125645702062
      },
      {
        "feature": "feature_4",
        "importance": 30.69561495366861
      },
      {
        "feature": "feature_47",
        "importance": 30.253234056738822
      }
    ],
    "total_features": 108,
    "importance_range": [
      0.006978203850896716,
      99.41929174185968
    ],
    "importance_mean": 13.207798227861021,
    "importance_std": 14.75615889515989
  }
}